{"products":[{"id":"0.619611800982945","qty":3}],"totalPrice":29999.969999999998}